,Phenotypes,t_stat,p_value
0,Phenotype_A,-218.11842571853606,0
1,Phenotype_B,172.2254756774737,0
2,Phenotype_C,121.87816522107006,0
3,Phenotype_D,-87.88808314832981,0
4,Phenotype_E,-729.6582694913491,0
